score,task_name
100.0,Writing story
100.0,Writing story
50.0,Moral Reasoning (Disciplinary Action Case)
69.1176470588235,Word construction from a subset of letters
71.4285714285714,Word construction from a subset of letters
89.0,Room assignment task
93.0,Room assignment task
13.0653266331658,Whac-A-Mole
53.0,Guessing the correlation
37.6344086021505,Whac-A-Mole
87.0,Room assignment task
0.0,Room assignment task
5.3763440860215,Whac-A-Mole
61.1428571428571,Whac-A-Mole
98.0,Room assignment task
100.0,Sudoku
50.0,Moral Reasoning (Disciplinary Action Case)
100.0,Divergent Association Task
80.0,Moral Reasoning (Disciplinary Action Case)
77.319587628866,Room assignment task
53.0,Sudoku
55.0,Sudoku
45.7142857142857,Whac-A-Mole
100.0,Guessing the correlation
0.0,Allocating resources to programs
100.0,Moral Reasoning (Disciplinary Action Case)
97.367137039936,Divergent Association Task
78.3505154639175,Room assignment task
0.0,Allocating resources to programs
92.875124520553,Divergent Association Task
93.4415311763729,Divergent Association Task
80.0,Allocating resources to programs
90.0,Moral Reasoning (Disciplinary Action Case)
35.0,Guessing the correlation
100.0,Sudoku
57.5,Sudoku
70.0,Moral Reasoning (Disciplinary Action Case)
44.6428571428571,Word construction from a subset of letters
8.0,Room assignment task
47.0,Sudoku
88.8888888888889,Writing story
98.0,Room assignment task
61.0,Guessing the correlation
49.0,Guessing the correlation
93.2941175400075,Divergent Association Task
100.0,"Wolf, goat and cabbage transfer"
100.0,Room assignment task
84.0,Guessing the correlation
0.0,Allocating resources to programs
100.0,Allocating resources to programs
100.0,"Wolf, goat and cabbage transfer"
38.8888888888889,Word construction from a subset of letters
80.0,Allocating resources to programs
100.0,Room assignment task
90.0,Allocating resources to programs
88.8888888888889,Writing story
50.0,Moral Reasoning (Disciplinary Action Case)
83.4170854271357,Whac-A-Mole
20.6185567010309,Room assignment task
50.0,Moral Reasoning (Disciplinary Action Case)
100.0,Sudoku
97.7827857278311,Divergent Association Task
46.4285714285714,Word construction from a subset of letters
60.0,Guessing the correlation
57.7889447236181,Whac-A-Mole
0.0,Allocating resources to programs
100.0,"Wolf, goat and cabbage transfer"
100.0,"Wolf, goat and cabbage transfer"
0.0,Room assignment task
98.0,Room assignment task
85.0,Sudoku
92.462311557789,Whac-A-Mole
100.0,Writing story
90.2573243169787,Divergent Association Task
93.035767729067,Divergent Association Task
100.0,"Wolf, goat and cabbage transfer"
91.5142181362701,Divergent Association Task
82.0,Guessing the correlation
91.0,Room assignment task
50.0,Moral Reasoning (Disciplinary Action Case)
31.0,Guessing the correlation
77.7777777777778,Writing story
50.0,Allocating resources to programs
90.0,Allocating resources to programs
100.0,Sudoku
0.0,Allocating resources to programs
100.0,Writing story
88.8888888888889,Writing story
50.0,Moral Reasoning (Disciplinary Action Case)
98.0,Room assignment task
92.6302780091772,Divergent Association Task
83.5051546391753,Room assignment task
42.8571428571429,Word construction from a subset of letters
75.9259259259259,Word construction from a subset of letters
94.4067006890767,Divergent Association Task
93.0,Guessing the correlation
16.6666666666667,Whac-A-Mole
89.0967130146031,Divergent Association Task
91.0,Room assignment task
0.0,Allocating resources to programs
90.0,Allocating resources to programs
80.0,Moral Reasoning (Disciplinary Action Case)
33.9285714285714,Word construction from a subset of letters
55.5555555555556,Writing story
78.894472361809,Whac-A-Mole
90.0,Allocating resources to programs
89.3167465659994,Divergent Association Task
70.8571428571429,Whac-A-Mole
90.0,Allocating resources to programs
21.7142857142857,Whac-A-Mole
88.9447236180904,Whac-A-Mole
77.7777777777778,Writing story
56.25,Sudoku
82.0,Guessing the correlation
15.5778894472362,Whac-A-Mole
69.7142857142857,Whac-A-Mole
82.5,Sudoku
100.0,Allocating resources to programs
90.0,Moral Reasoning (Disciplinary Action Case)
61.7647058823529,Word construction from a subset of letters
100.0,"Wolf, goat and cabbage transfer"
100.0,"Wolf, goat and cabbage transfer"
80.0,Allocating resources to programs
60.0,"Wolf, goat and cabbage transfer"
100.0,"Wolf, goat and cabbage transfer"
100.0,Sudoku
92.447689226714,Divergent Association Task
88.8785956538633,Divergent Association Task
88.0,Room assignment task
38.8888888888889,Word construction from a subset of letters
90.0,Moral Reasoning (Disciplinary Action Case)
0.0,Allocating resources to programs
53.0,Sudoku
100.0,Writing story
93.0,Room assignment task
100.0,Writing story
94.0,Guessing the correlation
100.0,Guessing the correlation
100.0,Room assignment task
17.1428571428571,Whac-A-Mole
100.0,"Wolf, goat and cabbage transfer"
100.0,Sudoku
90.0,Room assignment task
100.0,"Wolf, goat and cabbage transfer"
0.0,Whac-A-Mole
100.0,"Wolf, goat and cabbage transfer"
100.0,Guessing the correlation
6.85714285714286,Whac-A-Mole
65.979381443299,Room assignment task
0.0,Moral Reasoning (Disciplinary Action Case)
100.0,Writing story
80.0,Moral Reasoning (Disciplinary Action Case)
95.8762886597938,Room assignment task
70.1030927835052,Room assignment task
16.1764705882353,Word construction from a subset of letters
96.6371831006735,Divergent Association Task
98.0,Room assignment task
0.0,"Wolf, goat and cabbage transfer"
80.0,Allocating resources to programs
75.0,Sudoku
31.4814814814815,Word construction from a subset of letters
100.0,Writing story
0.0,Divergent Association Task
100.0,Moral Reasoning (Disciplinary Action Case)
86.0,Room assignment task
0.0,Allocating resources to programs
25.9259259259259,Word construction from a subset of letters
0.0,Allocating resources to programs
95.9799526831673,Divergent Association Task
79.3814432989691,Room assignment task
100.0,Room assignment task
31.6582914572864,Whac-A-Mole
0.0,Whac-A-Mole
0.0,"Wolf, goat and cabbage transfer"
88.8888888888889,Writing story
95.3056278623766,Divergent Association Task
100.0,Sudoku
90.0,Moral Reasoning (Disciplinary Action Case)
95.0,Room assignment task
77.9411764705882,Word construction from a subset of letters
60.0,Sudoku
100.0,Sudoku
100.0,Writing story
91.0,Guessing the correlation
18.0,Guessing the correlation
80.0,Moral Reasoning (Disciplinary Action Case)
15.5778894472362,Whac-A-Mole
56.989247311828,Whac-A-Mole
91.7525773195876,Room assignment task
100.0,Writing story
62.5,Word construction from a subset of letters
63.4408602150538,Whac-A-Mole
41.7085427135678,Whac-A-Mole
44.0,Guessing the correlation
69.0,Guessing the correlation
78.894472361809,Whac-A-Mole
27.0,Guessing the correlation
30.8823529411765,Word construction from a subset of letters
0.0,"Wolf, goat and cabbage transfer"
0.0,Moral Reasoning (Disciplinary Action Case)
93.0,Guessing the correlation
32.0,Guessing the correlation
100.0,Sudoku
43.0,"Wolf, goat and cabbage transfer"
100.0,Allocating resources to programs
100.0,Writing story
100.0,Guessing the correlation
47.0588235294118,Word construction from a subset of letters
100.0,Moral Reasoning (Disciplinary Action Case)
0.0,Moral Reasoning (Disciplinary Action Case)
0.0,Allocating resources to programs
100.0,"Wolf, goat and cabbage transfer"
100.0,"Wolf, goat and cabbage transfer"
71.4285714285714,Word construction from a subset of letters
0.0,Whac-A-Mole
100.0,Writing story
100.0,Writing story
89.3361824747671,Divergent Association Task
47.0588235294118,Word construction from a subset of letters
50.0,Moral Reasoning (Disciplinary Action Case)
55.3571428571429,Word construction from a subset of letters
0.0,Room assignment task
88.8888888888889,Writing story
100.0,Writing story
100.0,Sudoku
0.0,Allocating resources to programs
100.0,Sudoku
55.0,Guessing the correlation
71.0,Sudoku
48.0,Sudoku
0.0,Allocating resources to programs
58.9285714285714,Word construction from a subset of letters
27.0,Guessing the correlation
80.0,Moral Reasoning (Disciplinary Action Case)
100.0,Room assignment task
17.7142857142857,Whac-A-Mole
83.9285714285714,Word construction from a subset of letters
75.9259259259259,Word construction from a subset of letters
69.1176470588235,Word construction from a subset of letters
80.0,Allocating resources to programs
100.0,Divergent Association Task
100.0,Sudoku
75.0,Moral Reasoning (Disciplinary Action Case)
0.0,Allocating resources to programs
100.0,Allocating resources to programs
88.8888888888889,Writing story
0.0,Allocating resources to programs
100.0,"Wolf, goat and cabbage transfer"
100.0,Sudoku
88.659793814433,Room assignment task
67.8571428571429,Word construction from a subset of letters
51.25,Sudoku
54.0,Guessing the correlation
93.0,Room assignment task
95.3245838409345,Divergent Association Task
100.0,Sudoku
80.0,Moral Reasoning (Disciplinary Action Case)
30.3571428571429,Word construction from a subset of letters
100.0,Allocating resources to programs
91.0,Room assignment task
80.0,Allocating resources to programs
94.0,Room assignment task
95.0,Guessing the correlation
53.0,Sudoku
61.1428571428571,Whac-A-Mole
84.2871774586696,Divergent Association Task
100.0,Writing story
0.0,Whac-A-Mole
100.0,Writing story
100.0,Room assignment task
100.0,Guessing the correlation
27.7777777777778,Word construction from a subset of letters
30.3571428571429,Word construction from a subset of letters
78.0,"Wolf, goat and cabbage transfer"
0.0,"Wolf, goat and cabbage transfer"
33.9285714285714,Word construction from a subset of letters
61.8090452261307,Whac-A-Mole
3.76344086021505,Whac-A-Mole
61.0,Guessing the correlation
70.0,Moral Reasoning (Disciplinary Action Case)
100.0,Sudoku
11.7647058823529,Word construction from a subset of letters
100.0,Sudoku
20.0,Whac-A-Mole
0.0,Moral Reasoning (Disciplinary Action Case)
87.6288659793814,Room assignment task
100.0,"Wolf, goat and cabbage transfer"
61.0,Sudoku
67.0103092783505,Room assignment task
98.75,Sudoku
55.5555555555556,Writing story
40.5714285714286,Whac-A-Mole
43.0,"Wolf, goat and cabbage transfer"
97.0,Guessing the correlation
100.0,Writing story
30.8823529411765,Word construction from a subset of letters
98.2206371508625,Divergent Association Task
61.7647058823529,Word construction from a subset of letters
98.0,Room assignment task
100.0,Moral Reasoning (Disciplinary Action Case)
100.0,"Wolf, goat and cabbage transfer"
100.0,"Wolf, goat and cabbage transfer"
100.0,"Wolf, goat and cabbage transfer"
80.0,Moral Reasoning (Disciplinary Action Case)
100.0,Moral Reasoning (Disciplinary Action Case)
0.0,Moral Reasoning (Disciplinary Action Case)
85.0,Room assignment task
50.0,Moral Reasoning (Disciplinary Action Case)
88.0,Room assignment task
100.0,"Wolf, goat and cabbage transfer"
75.0,Sudoku
88.8888888888889,Writing story
100.0,Writing story
100.0,Writing story
0.0,Allocating resources to programs
98.8983513033351,Divergent Association Task
75.0,Moral Reasoning (Disciplinary Action Case)
100.0,"Wolf, goat and cabbage transfer"
100.0,"Wolf, goat and cabbage transfer"
97.0,Room assignment task
65.0,Sudoku
8.0,Whac-A-Mole
94.785643195586,Divergent Association Task
100.0,Guessing the correlation
45.0,Sudoku
100.0,"Wolf, goat and cabbage transfer"
80.0,Moral Reasoning (Disciplinary Action Case)
88.8888888888889,Writing story
50.0,Moral Reasoning (Disciplinary Action Case)
100.0,Guessing the correlation
65.0,Sudoku
100.0,"Wolf, goat and cabbage transfer"
100.0,Writing story
80.0,Allocating resources to programs
87.0,Guessing the correlation
100.0,"Wolf, goat and cabbage transfer"
100.0,Writing story
100.0,Guessing the correlation
0.0,Moral Reasoning (Disciplinary Action Case)
82.0,Guessing the correlation
68.2795698924731,Whac-A-Mole
91.0,Guessing the correlation
80.4123711340206,Room assignment task
100.0,Moral Reasoning (Disciplinary Action Case)
42.5925925925926,Word construction from a subset of letters
84.0,Guessing the correlation
95.0,Room assignment task
25.0,Word construction from a subset of letters
100.0,Room assignment task
100.0,Writing story
100.0,"Wolf, goat and cabbage transfer"
31.4814814814815,Word construction from a subset of letters
100.0,Guessing the correlation
100.0,Writing story
91.0,Room assignment task
0.0,Allocating resources to programs
100.0,"Wolf, goat and cabbage transfer"
77.7777777777778,Writing story
100.0,"Wolf, goat and cabbage transfer"
0.0,"Wolf, goat and cabbage transfer"
100.0,"Wolf, goat and cabbage transfer"
0.0,Allocating resources to programs
62.0,Guessing the correlation
51.0,Sudoku
90.0,Allocating resources to programs
75.2577319587629,Room assignment task
96.0472791162269,Divergent Association Task
100.0,"Wolf, goat and cabbage transfer"
10.5527638190955,Whac-A-Mole
100.0,Writing story
100.0,Writing story
52.5714285714286,Whac-A-Mole
8.60215053763441,Whac-A-Mole
100.0,"Wolf, goat and cabbage transfer"
49.0,Sudoku
100.0,"Wolf, goat and cabbage transfer"
0.0,"Wolf, goat and cabbage transfer"
92.9235371449429,Divergent Association Task
67.8571428571429,Word construction from a subset of letters
80.0,Allocating resources to programs
62.9032258064516,Whac-A-Mole
51.25,Sudoku
100.0,Allocating resources to programs
80.0,Allocating resources to programs
100.0,"Wolf, goat and cabbage transfer"
59.6774193548387,Whac-A-Mole
0.0,"Wolf, goat and cabbage transfer"
90.0,Moral Reasoning (Disciplinary Action Case)
85.0405725135052,Divergent Association Task
75.0,Moral Reasoning (Disciplinary Action Case)
75.0,Moral Reasoning (Disciplinary Action Case)
88.0,Guessing the correlation
100.0,"Wolf, goat and cabbage transfer"
7.42857142857143,Whac-A-Mole
0.0,"Wolf, goat and cabbage transfer"
100.0,Allocating resources to programs
0.0,Allocating resources to programs
0.0,Allocating resources to programs
91.2446669889764,Divergent Association Task
50.0,Moral Reasoning (Disciplinary Action Case)
90.0,Allocating resources to programs
22.6130653266332,Whac-A-Mole
89.0,Guessing the correlation
80.0,Allocating resources to programs
96.9072164948454,Room assignment task
67.0,Room assignment task
100.0,"Wolf, goat and cabbage transfer"
80.0,Allocating resources to programs
89.7058823529412,Word construction from a subset of letters
92.6022931267783,Divergent Association Task
100.0,Allocating resources to programs
88.8888888888889,Writing story
28.0,Guessing the correlation
10.5527638190955,Whac-A-Mole
91.0,Guessing the correlation
87.0,Room assignment task
0.0,Whac-A-Mole
55.3571428571429,Word construction from a subset of letters
100.0,Sudoku
6.45161290322581,Whac-A-Mole
31.1827956989247,Whac-A-Mole
43.0,"Wolf, goat and cabbage transfer"
95.6513336375772,Divergent Association Task
0.0,Moral Reasoning (Disciplinary Action Case)
93.5476699906328,Divergent Association Task
91.0,Guessing the correlation
100.0,"Wolf, goat and cabbage transfer"
52.5,Sudoku
25.9259259259259,Word construction from a subset of letters
45.360824742268,Room assignment task
100.0,"Wolf, goat and cabbage transfer"
100.0,Writing story
83.0,Room assignment task
46.0,Sudoku
100.0,"Wolf, goat and cabbage transfer"
57.3529411764706,Word construction from a subset of letters
77.7777777777778,Writing story
100.0,Room assignment task
61.8090452261307,Whac-A-Mole
95.1664822360539,Divergent Association Task
93.3205615002056,Divergent Association Task
100.0,"Wolf, goat and cabbage transfer"
17.5,Sudoku
92.0,Guessing the correlation
23.5294117647059,Word construction from a subset of letters
0.0,Allocating resources to programs
88.8888888888889,Writing story
75.0,Allocating resources to programs
100.0,"Wolf, goat and cabbage transfer"
100.0,Sudoku
44.0,Whac-A-Mole
80.0,Allocating resources to programs
100.0,"Wolf, goat and cabbage transfer"
100.0,"Wolf, goat and cabbage transfer"
100.0,Allocating resources to programs
100.0,"Wolf, goat and cabbage transfer"
45.1428571428571,Whac-A-Mole
42.6470588235294,Word construction from a subset of letters
100.0,Guessing the correlation
98.0,Room assignment task
50.0,Allocating resources to programs
4.83870967741935,Whac-A-Mole
53.0,Sudoku
90.139619765026,Divergent Association Task
45.7142857142857,Whac-A-Mole
70.0,Moral Reasoning (Disciplinary Action Case)
67.0,Guessing the correlation
39.2857142857143,Word construction from a subset of letters
80.0,Allocating resources to programs
92.0,Guessing the correlation
88.8888888888889,Writing story
82.4742268041237,Room assignment task
44.6428571428571,Word construction from a subset of letters
100.0,Writing story
95.1612903225806,Whac-A-Mole
100.0,Guessing the correlation
92.4604119440403,Divergent Association Task
55.5555555555556,Writing story
89.9814013364337,Divergent Association Task
85.0476693009893,Divergent Association Task
89.4840553699554,Divergent Association Task
50.0,Moral Reasoning (Disciplinary Action Case)
70.3703703703704,Word construction from a subset of letters
95.0,Guessing the correlation
93.5846985371136,Divergent Association Task
71.4285714285714,Word construction from a subset of letters
100.0,Moral Reasoning (Disciplinary Action Case)
26.4705882352941,Word construction from a subset of letters
88.8888888888889,Writing story
75.0,Moral Reasoning (Disciplinary Action Case)
100.0,"Wolf, goat and cabbage transfer"
50.5376344086022,Whac-A-Mole
100.0,Allocating resources to programs
98.0,Room assignment task
90.1869440329907,Divergent Association Task
50.0,Word construction from a subset of letters
80.0,Moral Reasoning (Disciplinary Action Case)
90.0,Allocating resources to programs
76.7857142857143,Word construction from a subset of letters
46.4285714285714,Word construction from a subset of letters
94.9961028314283,Divergent Association Task
87.8075825518577,Divergent Association Task
55.3571428571429,Word construction from a subset of letters
0.0,Allocating resources to programs
70.1030927835052,Room assignment task
6.03015075376884,Whac-A-Mole
94.8571428571429,Whac-A-Mole
53.2663316582915,Whac-A-Mole
90.0,Allocating resources to programs
73.0,Room assignment task
59.0,Guessing the correlation
67.5,Sudoku
100.0,Allocating resources to programs
88.0,Guessing the correlation
100.0,"Wolf, goat and cabbage transfer"
87.0,Guessing the correlation
74.3718592964824,Whac-A-Mole
100.0,Sudoku
25.7142857142857,Whac-A-Mole
80.0,Allocating resources to programs
30.6532663316583,Whac-A-Mole
42.6470588235294,Word construction from a subset of letters
76.25,Sudoku
70.0,Allocating resources to programs
77.7777777777778,Writing story
94.0,Guessing the correlation
60.0,Whac-A-Mole
80.0,Allocating resources to programs
38.2352941176471,Word construction from a subset of letters
48.1481481481481,Word construction from a subset of letters
100.0,Writing story
95.7223363922912,Divergent Association Task
20.9677419354839,Whac-A-Mole
88.8888888888889,Writing story
85.5670103092783,Room assignment task
59.2592592592593,Word construction from a subset of letters
100.0,Sudoku
100.0,Allocating resources to programs
100.0,Writing story
80.0,Moral Reasoning (Disciplinary Action Case)
80.0,Moral Reasoning (Disciplinary Action Case)
99.1639194434914,Divergent Association Task
56.0,Sudoku
48.0,Guessing the correlation
71.0,Sudoku
0.0,Moral Reasoning (Disciplinary Action Case)
100.0,Writing story
100.0,Allocating resources to programs
100.0,"Wolf, goat and cabbage transfer"
89.776864110935,Divergent Association Task
96.0,Guessing the correlation
50.0,Word construction from a subset of letters
100.0,Sudoku
88.6468515710012,Divergent Association Task
31.9587628865979,Room assignment task
80.0,Allocating resources to programs
78.894472361809,Whac-A-Mole
80.0,Allocating resources to programs
0.0,Allocating resources to programs
25.9259259259259,Word construction from a subset of letters
80.0,Moral Reasoning (Disciplinary Action Case)
25.1256281407035,Whac-A-Mole
41.7085427135678,Whac-A-Mole
100.0,"Wolf, goat and cabbage transfer"
90.7407407407407,Word construction from a subset of letters
100.0,Allocating resources to programs
100.0,Guessing the correlation
97.7021550852181,Divergent Association Task
0.0,Allocating resources to programs
90.0,Allocating resources to programs
94.0,Room assignment task
74.0740740740741,Word construction from a subset of letters
98.0,Room assignment task
100.0,"Wolf, goat and cabbage transfer"
5.91397849462366,Whac-A-Mole
72.0,Room assignment task
94.4444444444444,Writing story
100.0,Writing story
6.85714285714286,Whac-A-Mole
9.04522613065327,Whac-A-Mole
90.0,Guessing the correlation
80.0,Allocating resources to programs
45.0,Guessing the correlation
84.5820554711781,Divergent Association Task
100.0,"Wolf, goat and cabbage transfer"
90.0,Allocating resources to programs
94.0,Room assignment task
98.0,Room assignment task
100.0,Allocating resources to programs
90.0,Moral Reasoning (Disciplinary Action Case)
82.0,Room assignment task
84.5360824742268,Room assignment task
98.0,Room assignment task
100.0,Sudoku
61.1111111111111,Word construction from a subset of letters
32.1608040201005,Whac-A-Mole
83.5051546391753,Room assignment task
91.0,Guessing the correlation
100.0,Allocating resources to programs
0.0,Allocating resources to programs
0.0,Whac-A-Mole
50.0,Moral Reasoning (Disciplinary Action Case)
98.0,Room assignment task
100.0,Sudoku
88.8888888888889,Writing story
93.8144329896907,Room assignment task
0.0,Allocating resources to programs
15.5913978494624,Whac-A-Mole
52.0,Sudoku
57.1428571428571,Word construction from a subset of letters
100.0,Writing story
100.0,"Wolf, goat and cabbage transfer"
60.0,Guessing the correlation
100.0,"Wolf, goat and cabbage transfer"
23.5294117647059,Word construction from a subset of letters
50.0,Moral Reasoning (Disciplinary Action Case)
100.0,"Wolf, goat and cabbage transfer"
95.0,Guessing the correlation
100.0,"Wolf, goat and cabbage transfer"
96.5714285714286,Whac-A-Mole
100.0,"Wolf, goat and cabbage transfer"
0.0,Moral Reasoning (Disciplinary Action Case)
15.0537634408602,Whac-A-Mole
100.0,"Wolf, goat and cabbage transfer"
88.8888888888889,Writing story
98.0,Room assignment task
93.0,Guessing the correlation
80.0,Moral Reasoning (Disciplinary Action Case)
12.5714285714286,Whac-A-Mole
77.7777777777778,Writing story
100.0,Writing story
68.8442211055276,Whac-A-Mole
38.0,Guessing the correlation
52.2613065326633,Whac-A-Mole
100.0,Sudoku
100.0,Writing story
14.5161290322581,Whac-A-Mole
98.0,Room assignment task
46.0,Guessing the correlation
91.0,Guessing the correlation
0.0,"Wolf, goat and cabbage transfer"
25.7142857142857,Whac-A-Mole
6.03015075376884,Whac-A-Mole
80.0,Moral Reasoning (Disciplinary Action Case)
100.0,Guessing the correlation
75.0,Moral Reasoning (Disciplinary Action Case)
88.4833419716871,Divergent Association Task
97.0,Guessing the correlation
88.982160298459,Divergent Association Task
42.6470588235294,Word construction from a subset of letters
53.75,Sudoku
94.923627558725,Divergent Association Task
100.0,Guessing the correlation
29.6296296296296,Word construction from a subset of letters
70.0,Allocating resources to programs
100.0,Guessing the correlation
94.4444444444444,Writing story
100.0,Sudoku
48.9247311827957,Whac-A-Mole
77.5,Sudoku
100.0,Allocating resources to programs
100.0,"Wolf, goat and cabbage transfer"
50.0,Moral Reasoning (Disciplinary Action Case)
50.0,Moral Reasoning (Disciplinary Action Case)
92.0,Whac-A-Mole
28.0,Sudoku
94.6760107781343,Divergent Association Task
80.0,Moral Reasoning (Disciplinary Action Case)
100.0,"Wolf, goat and cabbage transfer"
96.0,Guessing the correlation
100.0,Word construction from a subset of letters
100.0,"Wolf, goat and cabbage transfer"
89.0,Room assignment task
100.0,Writing story
89.0,Guessing the correlation
92.0,Guessing the correlation
0.0,"Wolf, goat and cabbage transfer"
29.5698924731183,Whac-A-Mole
95.438298965557,Divergent Association Task
80.0,Moral Reasoning (Disciplinary Action Case)
100.0,"Wolf, goat and cabbage transfer"
94.4444444444444,Writing story
26.4705882352941,Word construction from a subset of letters
38.8888888888889,Word construction from a subset of letters
50.0,Moral Reasoning (Disciplinary Action Case)
62.0,Guessing the correlation
100.0,Writing story
100.0,Allocating resources to programs
98.0,Room assignment task
96.743798215146,Divergent Association Task
96.4431238846128,Divergent Association Task
44.6428571428571,Word construction from a subset of letters
75.9259259259259,Word construction from a subset of letters
90.7216494845361,Room assignment task
90.0,Allocating resources to programs
97.0,Guessing the correlation
92.8519005831545,Divergent Association Task
88.8888888888889,Writing story
88.7453054000577,Divergent Association Task
42.0,Sudoku
48.9247311827957,Whac-A-Mole
12.9032258064516,Whac-A-Mole
100.0,Writing story
94.0,Room assignment task
90.0,Allocating resources to programs
100.0,Writing story
0.0,Whac-A-Mole
91.9739876807864,Divergent Association Task
47.0,Guessing the correlation
55.3571428571429,Word construction from a subset of letters
39.0,Sudoku
39.2857142857143,Word construction from a subset of letters
22.2222222222222,Word construction from a subset of letters
20.4301075268817,Whac-A-Mole
100.0,"Wolf, goat and cabbage transfer"
50.0,Word construction from a subset of letters
100.0,"Wolf, goat and cabbage transfer"
100.0,Sudoku
100.0,Writing story
100.0,Writing story
87.0,Room assignment task
48.0,Guessing the correlation
71.25,Sudoku
64.0,Room assignment task
50.0,Moral Reasoning (Disciplinary Action Case)
100.0,"Wolf, goat and cabbage transfer"
0.0,Moral Reasoning (Disciplinary Action Case)
89.2833278880527,Divergent Association Task
99.8961448553832,Divergent Association Task
100.0,"Wolf, goat and cabbage transfer"
100.0,Allocating resources to programs
90.7949597445342,Divergent Association Task
80.0,Allocating resources to programs
46.2962962962963,Word construction from a subset of letters
80.0,Moral Reasoning (Disciplinary Action Case)
40.0,Sudoku
78.5714285714286,Word construction from a subset of letters
72.1649484536082,Room assignment task
100.0,Allocating resources to programs
100.0,Writing story
100.0,"Wolf, goat and cabbage transfer"
48.1481481481481,Word construction from a subset of letters
100.0,Writing story
20.5714285714286,Whac-A-Mole
100.0,"Wolf, goat and cabbage transfer"
16.1290322580645,Whac-A-Mole
100.0,Allocating resources to programs
0.0,Moral Reasoning (Disciplinary Action Case)
76.2886597938144,Room assignment task
80.0,Sudoku
100.0,Sudoku
88.8888888888889,Word construction from a subset of letters
98.6455102268853,Divergent Association Task
43.0,"Wolf, goat and cabbage transfer"
60.5714285714286,Whac-A-Mole
80.0,Allocating resources to programs
6.28571428571429,Whac-A-Mole
57.0,Guessing the correlation
0.0,Allocating resources to programs
100.0,Allocating resources to programs
27.0,Guessing the correlation
88.8888888888889,Writing story
53.0,Guessing the correlation
100.0,Guessing the correlation
8.0,Whac-A-Mole
32.0,Guessing the correlation
96.0,Room assignment task
79.0,Guessing the correlation
99.5021113747217,Divergent Association Task
100.0,Writing story
90.1497757721143,Divergent Association Task
100.0,Writing story
90.0,Moral Reasoning (Disciplinary Action Case)
90.2156592813316,Divergent Association Task
85.5670103092783,Room assignment task
100.0,"Wolf, goat and cabbage transfer"
8.60215053763441,Whac-A-Mole
50.0,Moral Reasoning (Disciplinary Action Case)
100.0,Writing story
100.0,"Wolf, goat and cabbage transfer"
100.0,Sudoku
33.3333333333333,Word construction from a subset of letters
100.0,"Wolf, goat and cabbage transfer"
90.0,Moral Reasoning (Disciplinary Action Case)
100.0,"Wolf, goat and cabbage transfer"
35.2941176470588,Word construction from a subset of letters
43.0,Sudoku
60.0,"Wolf, goat and cabbage transfer"
94.1422088694319,Divergent Association Task
100.0,Sudoku
89.4472361809045,Whac-A-Mole
100.0,"Wolf, goat and cabbage transfer"
0.0,Allocating resources to programs
90.0111126264383,Divergent Association Task
97.0,Room assignment task
37.037037037037,Word construction from a subset of letters
98.1997896688492,Divergent Association Task
99.592380994553,Divergent Association Task
100.0,Allocating resources to programs
93.9442695624878,Divergent Association Task
74.0,Guessing the correlation
100.0,Writing story
100.0,"Wolf, goat and cabbage transfer"
100.0,Sudoku
98.0,Room assignment task
55.5555555555556,Word construction from a subset of letters
100.0,Allocating resources to programs
100.0,Sudoku
63.9175257731959,Room assignment task
45.0,Room assignment task
90.0,Sudoku
54.0,Guessing the correlation
98.0,Room assignment task
90.0,Moral Reasoning (Disciplinary Action Case)
100.0,Writing story
91.6873923240823,Divergent Association Task
20.1005025125628,Whac-A-Mole
53.0,Sudoku
96.0,Guessing the correlation
72.0,Guessing the correlation
83.9195979899498,Whac-A-Mole
100.0,"Wolf, goat and cabbage transfer"
0.0,"Wolf, goat and cabbage transfer"
100.0,Allocating resources to programs
3.2258064516129,Whac-A-Mole
88.8888888888889,Writing story
100.0,Guessing the correlation
71.4285714285714,Word construction from a subset of letters
100.0,Sudoku
100.0,Writing story
0.0,Allocating resources to programs
90.0,Moral Reasoning (Disciplinary Action Case)
90.0,Moral Reasoning (Disciplinary Action Case)
3.42857142857143,Whac-A-Mole
78.3505154639175,Room assignment task
88.8888888888889,Writing story
100.0,Sudoku
50.0,Allocating resources to programs
96.0,Room assignment task
38.2857142857143,Whac-A-Mole
64.2857142857143,Word construction from a subset of letters
93.8025761377371,Divergent Association Task
91.0,Guessing the correlation
96.2131594031339,Divergent Association Task
32.0,Guessing the correlation
11.5577889447236,Whac-A-Mole
100.0,Guessing the correlation
71.0,Room assignment task
0.0,Allocating resources to programs
92.0,Guessing the correlation
100.0,Writing story
82.8246099694877,Divergent Association Task
66.2857142857143,Whac-A-Mole
82.5,Sudoku
9.04522613065327,Whac-A-Mole
100.0,Sudoku
77.0,Room assignment task
100.0,"Wolf, goat and cabbage transfer"
61.25,Sudoku
100.0,Allocating resources to programs
28.5714285714286,Whac-A-Mole
100.0,"Wolf, goat and cabbage transfer"
90.0,Guessing the correlation
0.0,Allocating resources to programs
100.0,"Wolf, goat and cabbage transfer"
55.5555555555556,Writing story
89.0,Room assignment task
100.0,"Wolf, goat and cabbage transfer"
100.0,"Wolf, goat and cabbage transfer"
100.0,Moral Reasoning (Disciplinary Action Case)
100.0,Writing story
90.1213181918973,Divergent Association Task
100.0,"Wolf, goat and cabbage transfer"
100.0,"Wolf, goat and cabbage transfer"
78.6866723667615,Divergent Association Task
100.0,Writing story
75.0,Moral Reasoning (Disciplinary Action Case)
75.0,Sudoku
0.0,Moral Reasoning (Disciplinary Action Case)
100.0,"Wolf, goat and cabbage transfer"
52.0,Guessing the correlation
80.0,Moral Reasoning (Disciplinary Action Case)
70.0,Moral Reasoning (Disciplinary Action Case)
100.0,Sudoku
40.0,Sudoku
100.0,Sudoku
10.2857142857143,Whac-A-Mole
73.75,Sudoku
100.0,Allocating resources to programs
0.0,Allocating resources to programs
100.0,Writing story
100.0,Sudoku
0.0,Moral Reasoning (Disciplinary Action Case)
40.0,Sudoku
53.75,Sudoku
100.0,Room assignment task
100.0,Writing story
100.0,Writing story
46.2962962962963,Word construction from a subset of letters
100.0,"Wolf, goat and cabbage transfer"
47.0,Guessing the correlation
0.0,Moral Reasoning (Disciplinary Action Case)
100.0,Sudoku
42.0,Sudoku
100.0,Sudoku
96.7292109784639,Divergent Association Task
88.8888888888889,Writing story
38.0,Sudoku
4.57142857142857,Whac-A-Mole
97.0,Guessing the correlation
30.8823529411765,Word construction from a subset of letters
7.03517587939699,Whac-A-Mole
96.0,Room assignment task
95.0,Room assignment task
90.0,Room assignment task
93.2510059878983,Divergent Association Task
30.3571428571429,Word construction from a subset of letters
48.0,Sudoku
86.0,Guessing the correlation
94.2110381342601,Divergent Association Task
86.4024864818479,Divergent Association Task
100.0,"Wolf, goat and cabbage transfer"
0.0,"Wolf, goat and cabbage transfer"
52.5773195876289,Room assignment task
75.0,Word construction from a subset of letters
27.4193548387097,Whac-A-Mole
94.4444444444444,Writing story
98.0,Room assignment task
60.8040201005025,Whac-A-Mole
100.0,"Wolf, goat and cabbage transfer"
77.8894472361809,Whac-A-Mole
100.0,Writing story
80.8156210132143,Divergent Association Task
64.8148148148148,Word construction from a subset of letters
30.8823529411765,Word construction from a subset of letters
97.0,Room assignment task
80.0,Moral Reasoning (Disciplinary Action Case)
51.4285714285714,Whac-A-Mole
100.0,Room assignment task
100.0,"Wolf, goat and cabbage transfer"
0.0,Moral Reasoning (Disciplinary Action Case)
96.9072164948454,Room assignment task
16.1764705882353,Word construction from a subset of letters
33.0,"Wolf, goat and cabbage transfer"
91.0,Guessing the correlation
80.0,Moral Reasoning (Disciplinary Action Case)
95.2629035305316,Divergent Association Task
0.0,Allocating resources to programs
28.1407035175879,Whac-A-Mole
100.0,"Wolf, goat and cabbage transfer"
80.0,Moral Reasoning (Disciplinary Action Case)
100.0,"Wolf, goat and cabbage transfer"
90.0,Allocating resources to programs
100.0,Guessing the correlation
27.0,Guessing the correlation
69.1176470588235,Word construction from a subset of letters
100.0,"Wolf, goat and cabbage transfer"
89.5838485812656,Divergent Association Task
50.0,Word construction from a subset of letters
100.0,Sudoku
0.0,Allocating resources to programs
100.0,Room assignment task
91.6384778941355,Divergent Association Task
51.8518518518519,Word construction from a subset of letters
100.0,Sudoku
55.0,Guessing the correlation
89.8855529523389,Divergent Association Task
100.0,Moral Reasoning (Disciplinary Action Case)
80.0,Moral Reasoning (Disciplinary Action Case)
100.0,Writing story
78.0,Guessing the correlation
80.0,Moral Reasoning (Disciplinary Action Case)
90.1138245989739,Divergent Association Task
100.0,Writing story
100.0,"Wolf, goat and cabbage transfer"
88.8888888888889,Writing story
95.8984581753964,Divergent Association Task
77.319587628866,Room assignment task
60.0,Sudoku
52.5,Sudoku
75.2577319587629,Room assignment task
92.0,Guessing the correlation
45.0,Sudoku
97.5540269542993,Divergent Association Task
100.0,"Wolf, goat and cabbage transfer"
100.0,Word construction from a subset of letters
90.0,Moral Reasoning (Disciplinary Action Case)
80.0,Moral Reasoning (Disciplinary Action Case)
100.0,"Wolf, goat and cabbage transfer"
86.0,Guessing the correlation
77.7777777777778,Writing story
76.2886597938144,Room assignment task
90.0,Moral Reasoning (Disciplinary Action Case)
68.75,Sudoku
80.0,Allocating resources to programs
100.0,"Wolf, goat and cabbage transfer"
52.5,Sudoku
100.0,Sudoku
80.0,Moral Reasoning (Disciplinary Action Case)
100.0,Writing story
80.0,Allocating resources to programs
50.0,Moral Reasoning (Disciplinary Action Case)
100.0,Sudoku
98.9690721649485,Room assignment task
100.0,Allocating resources to programs
99.081989640454,Divergent Association Task
88.8888888888889,Writing story
93.1915305298357,Divergent Association Task
87.9396984924623,Whac-A-Mole
67.0,Guessing the correlation
93.0,Guessing the correlation
100.0,Sudoku
80.0,Room assignment task
50.0,Allocating resources to programs
80.0,Allocating resources to programs
87.0,Room assignment task
100.0,Writing story
94.4444444444444,Writing story
50.0,Moral Reasoning (Disciplinary Action Case)
8.06451612903226,Whac-A-Mole
94.7489833123561,Divergent Association Task
94.0,Room assignment task
80.0,Allocating resources to programs
100.0,Writing story
100.0,Guessing the correlation
0.0,Writing story
100.0,Sudoku
31.1827956989247,Whac-A-Mole
63.0,Guessing the correlation
60.5714285714286,Whac-A-Mole
100.0,"Wolf, goat and cabbage transfer"
100.0,Writing story
66.1764705882353,Word construction from a subset of letters
58.9285714285714,Word construction from a subset of letters
91.1018766716198,Divergent Association Task
80.0,Allocating resources to programs
100.0,Sudoku
46.0,Sudoku
90.0,Moral Reasoning (Disciplinary Action Case)
88.8888888888889,Writing story
100.0,"Wolf, goat and cabbage transfer"
100.0,Allocating resources to programs
70.0,Guessing the correlation
98.0,Room assignment task
80.9045226130653,Whac-A-Mole
25.8064516129032,Whac-A-Mole
100.0,"Wolf, goat and cabbage transfer"
100.0,Sudoku
100.0,Sudoku
26.2857142857143,Whac-A-Mole
50.0,Moral Reasoning (Disciplinary Action Case)
46.2962962962963,Word construction from a subset of letters
80.0,Moral Reasoning (Disciplinary Action Case)
24.0,Guessing the correlation
80.0,Allocating resources to programs
42.5,Sudoku
35.0,Guessing the correlation
100.0,Allocating resources to programs
98.0,Room assignment task
83.9954415638311,Divergent Association Task
0.0,Allocating resources to programs
100.0,"Wolf, goat and cabbage transfer"
50.0,Moral Reasoning (Disciplinary Action Case)
100.0,Sudoku
0.0,Allocating resources to programs
26.7857142857143,Word construction from a subset of letters
77.7777777777778,Writing story
97.0,Room assignment task
56.0,Sudoku
40.0,Guessing the correlation
88.8888888888889,Writing story
88.8888888888889,Writing story
34.9462365591398,Whac-A-Mole
55.3571428571429,Word construction from a subset of letters
48.3870967741936,Whac-A-Mole
54.2713567839196,Whac-A-Mole
0.0,Allocating resources to programs
100.0,Sudoku
50.0,Word construction from a subset of letters
65.0,Sudoku
98.0,Room assignment task
10.0502512562814,Whac-A-Mole
88.8888888888889,Writing story
37.037037037037,Word construction from a subset of letters
16.6666666666667,Word construction from a subset of letters
70.0,Moral Reasoning (Disciplinary Action Case)
98.0,Room assignment task
0.0,Moral Reasoning (Disciplinary Action Case)
90.0,Sudoku
88.8888888888889,Writing story
0.0,"Wolf, goat and cabbage transfer"
100.0,Writing story
90.7077115564855,Divergent Association Task
88.8888888888889,Writing story
100.0,Guessing the correlation
80.0,Allocating resources to programs
77.5,Sudoku
100.0,Whac-A-Mole
96.4285714285714,Word construction from a subset of letters
100.0,Room assignment task
80.0,Moral Reasoning (Disciplinary Action Case)
61.0,Guessing the correlation
100.0,"Wolf, goat and cabbage transfer"
75.0,Moral Reasoning (Disciplinary Action Case)
37.0,Guessing the correlation
81.9095477386935,Whac-A-Mole
73.1958762886598,Room assignment task
80.0,Moral Reasoning (Disciplinary Action Case)
80.0,Guessing the correlation
64.2857142857143,Word construction from a subset of letters
57.1428571428571,Word construction from a subset of letters
73.1958762886598,Room assignment task
57.1428571428571,Word construction from a subset of letters
49.1428571428571,Whac-A-Mole
57.0,Guessing the correlation
93.8396349189512,Divergent Association Task
80.0,Moral Reasoning (Disciplinary Action Case)
83.75,Sudoku
94.4444444444444,Writing story
63.0,Sudoku
94.95009858414,Divergent Association Task
79.4285714285714,Whac-A-Mole
100.0,Guessing the correlation
0.0,"Wolf, goat and cabbage transfer"
30.0,Guessing the correlation
100.0,"Wolf, goat and cabbage transfer"
74.2268041237113,Room assignment task
57.0,Guessing the correlation
0.0,Divergent Association Task
96.25,Sudoku
39.6984924623116,Whac-A-Mole
100.0,Writing story
95.0,Guessing the correlation
35.2941176470588,Word construction from a subset of letters
92.0,Room assignment task
100.0,Writing story
88.8888888888889,Writing story
25.1428571428571,Whac-A-Mole
70.0,Sudoku
90.0,Allocating resources to programs
54.4117647058824,Word construction from a subset of letters
92.2619761998315,Divergent Association Task
60.0,"Wolf, goat and cabbage transfer"
0.0,"Wolf, goat and cabbage transfer"
60.0,Guessing the correlation
86.0,Room assignment task
84.5360824742268,Room assignment task
100.0,Moral Reasoning (Disciplinary Action Case)
88.8888888888889,Writing story
76.0,Room assignment task
98.0,Room assignment task
7.52688172043011,Whac-A-Mole
37.037037037037,Word construction from a subset of letters
33.9285714285714,Word construction from a subset of letters
100.0,"Wolf, goat and cabbage transfer"
95.7605535128316,Divergent Association Task
50.0,Moral Reasoning (Disciplinary Action Case)
94.0,Room assignment task
90.6105646558302,Divergent Association Task
43.0,"Wolf, goat and cabbage transfer"
80.0,Moral Reasoning (Disciplinary Action Case)
69.0721649484536,Room assignment task
92.3510192379396,Divergent Association Task
0.0,Moral Reasoning (Disciplinary Action Case)
100.0,Room assignment task
100.0,Writing story
98.8819303899813,Divergent Association Task
0.0,Allocating resources to programs
72.5,Sudoku
88.8888888888889,Writing story
100.0,"Wolf, goat and cabbage transfer"
51.0,Guessing the correlation
93.3779031149698,Divergent Association Task
48.0,Guessing the correlation
100.0,"Wolf, goat and cabbage transfer"
100.0,"Wolf, goat and cabbage transfer"
95.0,Guessing the correlation
100.0,Writing story
93.0,Guessing the correlation
80.0,Allocating resources to programs
59.0,Guessing the correlation
88.8888888888889,Writing story
0.0,"Wolf, goat and cabbage transfer"
43.0,"Wolf, goat and cabbage transfer"
87.0,Guessing the correlation
77.7777777777778,Writing story
100.0,Writing story
54.4117647058824,Word construction from a subset of letters
94.5095991219682,Divergent Association Task
0.0,Moral Reasoning (Disciplinary Action Case)
100.0,"Wolf, goat and cabbage transfer"
100.0,Moral Reasoning (Disciplinary Action Case)
79.8994974874372,Whac-A-Mole
97.1428571428571,Whac-A-Mole
49.0,Sudoku
81.4432989690722,Room assignment task
100.0,Sudoku
88.8888888888889,Writing story
65.0,Sudoku
100.0,Writing story
47.0588235294118,Word construction from a subset of letters
59.0,Room assignment task
55.0,Guessing the correlation
100.0,Room assignment task
70.0,Allocating resources to programs
79.0,Guessing the correlation
31.0,Guessing the correlation
47.0588235294118,Word construction from a subset of letters
78.75,Sudoku
85.5670103092783,Room assignment task
50.0,Moral Reasoning (Disciplinary Action Case)
0.0,Whac-A-Mole
50.0,Moral Reasoning (Disciplinary Action Case)
92.8250613517655,Divergent Association Task
84.1688861732364,Divergent Association Task
27.7777777777778,Word construction from a subset of letters
90.0,Moral Reasoning (Disciplinary Action Case)
100.0,Guessing the correlation
100.0,Sudoku
78.3505154639175,Room assignment task
100.0,Writing story
89.0679898083765,Divergent Association Task
28.0,Whac-A-Mole
70.0,Sudoku
48.0,Sudoku
31.4814814814815,Word construction from a subset of letters
80.0,Allocating resources to programs
80.0,Allocating resources to programs
100.0,"Wolf, goat and cabbage transfer"
13.9784946236559,Whac-A-Mole
45.7286432160804,Whac-A-Mole
100.0,Room assignment task
33.0,"Wolf, goat and cabbage transfer"
100.0,"Wolf, goat and cabbage transfer"
88.8888888888889,Writing story
0.0,Whac-A-Mole
89.0,Room assignment task
100.0,Writing story
43.0,"Wolf, goat and cabbage transfer"
80.0,Sudoku
67.0,Guessing the correlation
80.0,Moral Reasoning (Disciplinary Action Case)
0.0,Allocating resources to programs
77.7777777777778,Writing story
100.0,"Wolf, goat and cabbage transfer"
95.5463141371376,Divergent Association Task
66.1764705882353,Word construction from a subset of letters
89.5336085333808,Divergent Association Task
100.0,"Wolf, goat and cabbage transfer"
0.0,Moral Reasoning (Disciplinary Action Case)
80.0,Moral Reasoning (Disciplinary Action Case)
50.0,Moral Reasoning (Disciplinary Action Case)
55.0,Sudoku
80.0,Sudoku
100.0,"Wolf, goat and cabbage transfer"
100.0,"Wolf, goat and cabbage transfer"
100.0,"Wolf, goat and cabbage transfer"
93.1576969006128,Divergent Association Task
88.8888888888889,Writing story
91.0,Room assignment task
44.4444444444444,Writing story
97.0,Guessing the correlation
100.0,Allocating resources to programs
0.0,"Wolf, goat and cabbage transfer"
96.25,Sudoku
88.8888888888889,Writing story
91.0,Guessing the correlation
100.0,Writing story
44.4444444444444,Writing story
97.0154074489342,Divergent Association Task
100.0,Guessing the correlation
80.0,Moral Reasoning (Disciplinary Action Case)
97.0,Room assignment task
5.15463917525773,Room assignment task
100.0,Writing story
77.7777777777778,Writing story
100.0,"Wolf, goat and cabbage transfer"
29.7142857142857,Whac-A-Mole
69.3467336683417,Whac-A-Mole
97.3898888436161,Divergent Association Task
50.0,Word construction from a subset of letters
56.25,Sudoku
34.4086021505376,Whac-A-Mole
77.7777777777778,Word construction from a subset of letters
100.0,"Wolf, goat and cabbage transfer"
48.0,Sudoku
98.0,Room assignment task
94.5181480239776,Divergent Association Task
100.0,Writing story
100.0,Sudoku
100.0,Sudoku
58.9285714285714,Word construction from a subset of letters
100.0,"Wolf, goat and cabbage transfer"
93.2989622059231,Divergent Association Task
100.0,Writing story
78.75,Sudoku
90.0,Allocating resources to programs
94.0,Guessing the correlation
100.0,"Wolf, goat and cabbage transfer"
100.0,"Wolf, goat and cabbage transfer"
100.0,"Wolf, goat and cabbage transfer"
34.0,Guessing the correlation
100.0,Writing story
77.7777777777778,Writing story
30.8823529411765,Word construction from a subset of letters
86.6925187519364,Divergent Association Task
59.1397849462366,Whac-A-Mole
90.0,Moral Reasoning (Disciplinary Action Case)
100.0,Allocating resources to programs
100.0,Writing story
59.6774193548387,Whac-A-Mole
50.0,Moral Reasoning (Disciplinary Action Case)
0.0,Allocating resources to programs
100.0,Guessing the correlation
11.5577889447236,Whac-A-Mole
53.7037037037037,Word construction from a subset of letters
100.0,Room assignment task
88.8999563449333,Divergent Association Task
90.0,Moral Reasoning (Disciplinary Action Case)
96.9340209684852,Divergent Association Task
100.0,"Wolf, goat and cabbage transfer"
90.0,Allocating resources to programs
38.2352941176471,Word construction from a subset of letters
94.2755866305473,Divergent Association Task
94.3506735532599,Divergent Association Task
90.0,Allocating resources to programs
83.9195979899498,Whac-A-Mole
42.713567839196,Whac-A-Mole
100.0,Sudoku
100.0,"Wolf, goat and cabbage transfer"
80.0,Moral Reasoning (Disciplinary Action Case)
13.1428571428571,Whac-A-Mole
100.0,Sudoku
100.0,"Wolf, goat and cabbage transfer"
100.0,"Wolf, goat and cabbage transfer"
81.4432989690722,Room assignment task
0.0,"Wolf, goat and cabbage transfer"
64.8148148148148,Word construction from a subset of letters
95.4773869346734,Whac-A-Mole
80.6253577080764,Divergent Association Task
100.0,"Wolf, goat and cabbage transfer"
80.0,Allocating resources to programs
95.3348493019356,Divergent Association Task
0.0,Room assignment task
94.2169434475691,Divergent Association Task
10.752688172043,Whac-A-Mole
61.7647058823529,Word construction from a subset of letters
80.0,Allocating resources to programs
100.0,"Wolf, goat and cabbage transfer"
94.0,Room assignment task
100.0,"Wolf, goat and cabbage transfer"
100.0,"Wolf, goat and cabbage transfer"
100.0,Allocating resources to programs
57.1428571428571,Word construction from a subset of letters
0.0,Moral Reasoning (Disciplinary Action Case)
90.0,Moral Reasoning (Disciplinary Action Case)
80.0,Moral Reasoning (Disciplinary Action Case)
91.2125687559606,Divergent Association Task
9.14285714285714,Whac-A-Mole
44.0,Sudoku
98.3372813615946,Divergent Association Task
50.0,Moral Reasoning (Disciplinary Action Case)
100.0,Sudoku
0.0,Moral Reasoning (Disciplinary Action Case)
85.6004226735066,Divergent Association Task
80.0,Allocating resources to programs
100.0,Writing story
100.0,Guessing the correlation
0.0,Allocating resources to programs
0.0,"Wolf, goat and cabbage transfer"
0.0,Whac-A-Mole
94.2552790904233,Divergent Association Task
98.0,Room assignment task
71.4285714285714,Word construction from a subset of letters
0.0,Whac-A-Mole
100.0,Guessing the correlation
93.0,Guessing the correlation
72.0,Whac-A-Mole
77.7777777777778,Writing story
0.0,Moral Reasoning (Disciplinary Action Case)
88.0,Room assignment task
80.0,Allocating resources to programs
46.2962962962963,Word construction from a subset of letters
88.8888888888889,Writing story
100.0,"Wolf, goat and cabbage transfer"
50.0,Moral Reasoning (Disciplinary Action Case)
100.0,"Wolf, goat and cabbage transfer"
100.0,"Wolf, goat and cabbage transfer"
0.0,Moral Reasoning (Disciplinary Action Case)
80.0,Moral Reasoning (Disciplinary Action Case)
85.0,Room assignment task
78.0,"Wolf, goat and cabbage transfer"
70.0,Guessing the correlation
7.52688172043011,Whac-A-Mole
5.0251256281407,Whac-A-Mole
90.0,Allocating resources to programs
85.5670103092783,Room assignment task
25.1256281407035,Whac-A-Mole
91.8852367783626,Divergent Association Task
85.2941176470588,Word construction from a subset of letters
88.9278684180067,Divergent Association Task
16.0,Whac-A-Mole
0.0,"Wolf, goat and cabbage transfer"
72.0,Room assignment task
65.1428571428571,Whac-A-Mole
50.0,Word construction from a subset of letters
80.0,Moral Reasoning (Disciplinary Action Case)
100.0,"Wolf, goat and cabbage transfer"
100.0,Moral Reasoning (Disciplinary Action Case)
100.0,Writing story
100.0,"Wolf, goat and cabbage transfer"
50.0,Moral Reasoning (Disciplinary Action Case)
100.0,"Wolf, goat and cabbage transfer"
100.0,"Wolf, goat and cabbage transfer"
79.0,Guessing the correlation
100.0,"Wolf, goat and cabbage transfer"
33.3333333333333,Word construction from a subset of letters
100.0,Writing story
80.0,Moral Reasoning (Disciplinary Action Case)
100.0,"Wolf, goat and cabbage transfer"
80.0,Allocating resources to programs
39.0,Guessing the correlation
98.0,Room assignment task
100.0,Allocating resources to programs
100.0,Moral Reasoning (Disciplinary Action Case)
17.8571428571429,Word construction from a subset of letters
100.0,Sudoku
100.0,Sudoku
94.4691426875045,Divergent Association Task
80.6451612903226,Whac-A-Mole
45.0,Sudoku
70.3703703703704,Word construction from a subset of letters
0.0,Moral Reasoning (Disciplinary Action Case)
0.0,Allocating resources to programs
100.0,"Wolf, goat and cabbage transfer"
55.5555555555556,Writing story
61.0,Sudoku
100.0,Sudoku
70.0,Sudoku
53.0,Sudoku
93.0,Guessing the correlation
96.0,Guessing the correlation
0.0,Whac-A-Mole
100.0,"Wolf, goat and cabbage transfer"
100.0,Sudoku
0.0,Whac-A-Mole
50.0,Moral Reasoning (Disciplinary Action Case)
31.4814814814815,Word construction from a subset of letters
100.0,Sudoku
80.8823529411765,Word construction from a subset of letters
80.0,Allocating resources to programs
37.037037037037,Word construction from a subset of letters
90.3398446360968,Divergent Association Task
70.0,Sudoku
77.5,Sudoku
46.4285714285714,Word construction from a subset of letters
13.7142857142857,Whac-A-Mole
0.0,Allocating resources to programs
100.0,Writing story
80.0,Allocating resources to programs
100.0,Sudoku
100.0,Writing story
90.0,Allocating resources to programs
94.4444444444444,Writing story
52.0,Sudoku
90.0,Moral Reasoning (Disciplinary Action Case)
100.0,Writing story
100.0,Sudoku
57.3529411764706,Word construction from a subset of letters
96.0,Room assignment task
16.5714285714286,Whac-A-Mole
96.5185863252875,Divergent Association Task
38.1720430107527,Whac-A-Mole
80.0,Allocating resources to programs
90.0,Allocating resources to programs
80.0,Allocating resources to programs
88.4623149969369,Divergent Association Task
20.9677419354839,Whac-A-Mole
54.4117647058824,Word construction from a subset of letters
96.0,Room assignment task
93.0,Room assignment task
32.0,Guessing the correlation
80.4123711340206,Room assignment task
100.0,Writing story
83.8709677419355,Whac-A-Mole
0.0,Moral Reasoning (Disciplinary Action Case)
89.6065462433154,Divergent Association Task
84.0,Guessing the correlation
100.0,"Wolf, goat and cabbage transfer"
0.0,Allocating resources to programs
88.1673569924138,Divergent Association Task
53.7037037037037,Word construction from a subset of letters
71.0,Room assignment task
90.0,Moral Reasoning (Disciplinary Action Case)
50.0,Moral Reasoning (Disciplinary Action Case)
100.0,Sudoku
0.0,Moral Reasoning (Disciplinary Action Case)
0.0,Whac-A-Mole
85.0,Guessing the correlation
50.0,Allocating resources to programs
9.14285714285714,Whac-A-Mole
50.0,Moral Reasoning (Disciplinary Action Case)
100.0,Writing story
100.0,Moral Reasoning (Disciplinary Action Case)
100.0,Sudoku
37.0,Guessing the correlation
50.0,Moral Reasoning (Disciplinary Action Case)
89.6907216494845,Room assignment task
28.494623655914,Whac-A-Mole
77.7777777777778,Writing story
57.3529411764706,Word construction from a subset of letters
42.6470588235294,Word construction from a subset of letters
35.2941176470588,Word construction from a subset of letters
80.0,Allocating resources to programs
80.0,Allocating resources to programs
0.0,Allocating resources to programs
70.3703703703704,Word construction from a subset of letters
100.0,"Wolf, goat and cabbage transfer"
100.0,Writing story
97.0,Guessing the correlation
100.0,Moral Reasoning (Disciplinary Action Case)
90.0,Allocating resources to programs
43.0,Sudoku
22.0,Guessing the correlation
1.61290322580645,Whac-A-Mole
78.0,"Wolf, goat and cabbage transfer"
94.4444444444444,Writing story
75.2577319587629,Room assignment task
90.0,Allocating resources to programs
83.5051546391753,Room assignment task
100.0,Writing story
70.0,Allocating resources to programs
57.1428571428571,Whac-A-Mole
80.0,Moral Reasoning (Disciplinary Action Case)
100.0,"Wolf, goat and cabbage transfer"
54.0,Sudoku
0.0,Room assignment task
45.0,Guessing the correlation
26.4705882352941,Word construction from a subset of letters
100.0,Guessing the correlation
90.903351143185,Divergent Association Task
100.0,Writing story
47.8494623655914,Whac-A-Mole
0.0,Moral Reasoning (Disciplinary Action Case)
61.7647058823529,Word construction from a subset of letters
0.0,"Wolf, goat and cabbage transfer"
74.2268041237113,Room assignment task
66.6666666666667,Word construction from a subset of letters
100.0,Moral Reasoning (Disciplinary Action Case)
93.116494766642,Divergent Association Task
100.0,Allocating resources to programs
45.7286432160804,Whac-A-Mole
81.7437185293787,Divergent Association Task
100.0,Moral Reasoning (Disciplinary Action Case)
58.0,Guessing the correlation
2.85714285714286,Whac-A-Mole
70.0,Allocating resources to programs
100.0,"Wolf, goat and cabbage transfer"
42.6470588235294,Word construction from a subset of letters
81.4070351758794,Whac-A-Mole
91.0,Guessing the correlation
100.0,Sudoku
80.1075268817204,Whac-A-Mole
100.0,Guessing the correlation
14.2857142857143,Whac-A-Mole
100.0,"Wolf, goat and cabbage transfer"
100.0,"Wolf, goat and cabbage transfer"
57.3529411764706,Word construction from a subset of letters
75.2577319587629,Room assignment task
55.3571428571429,Word construction from a subset of letters
100.0,"Wolf, goat and cabbage transfer"
100.0,Writing story
43.21608040201,Whac-A-Mole
51.8518518518519,Word construction from a subset of letters
50.0,Moral Reasoning (Disciplinary Action Case)
100.0,Sudoku
89.0,Guessing the correlation
100.0,"Wolf, goat and cabbage transfer"
50.0,Moral Reasoning (Disciplinary Action Case)
78.0,Sudoku
0.0,Room assignment task
85.0,Room assignment task
69.0,Guessing the correlation
96.184532309771,Divergent Association Task
93.9949900602624,Divergent Association Task
100.0,Writing story
100.0,Sudoku
30.1507537688442,Whac-A-Mole
88.8888888888889,Writing story
87.0,Guessing the correlation
71.4285714285714,Word construction from a subset of letters
9.67741935483871,Whac-A-Mole
50.0,Moral Reasoning (Disciplinary Action Case)
0.0,Moral Reasoning (Disciplinary Action Case)
88.0,Guessing the correlation
62.0,Sudoku
33.3333333333333,Word construction from a subset of letters
64.8148148148148,Word construction from a subset of letters
100.0,Writing story
34.0,Guessing the correlation
80.1075268817204,Whac-A-Mole
98.0,Room assignment task
70.0,Sudoku
80.0,Moral Reasoning (Disciplinary Action Case)
100.0,Moral Reasoning (Disciplinary Action Case)
56.2814070351759,Whac-A-Mole
50.0,Moral Reasoning (Disciplinary Action Case)
0.0,Allocating resources to programs
58.9285714285714,Word construction from a subset of letters
4.3010752688172,Whac-A-Mole
13.4408602150538,Whac-A-Mole
100.0,Writing story
100.0,"Wolf, goat and cabbage transfer"
100.0,Allocating resources to programs
100.0,"Wolf, goat and cabbage transfer"
100.0,Writing story
94.0,Room assignment task
60.0,Guessing the correlation
90.0,Guessing the correlation
89.6907216494845,Room assignment task
0.0,Moral Reasoning (Disciplinary Action Case)
98.8233610817158,Divergent Association Task
90.0,Allocating resources to programs
0.0,"Wolf, goat and cabbage transfer"
89.0,Guessing the correlation
61.1111111111111,Word construction from a subset of letters
83.5051546391753,Room assignment task
80.0,Allocating resources to programs
46.2962962962963,Word construction from a subset of letters
63.9175257731959,Room assignment task
60.0,"Wolf, goat and cabbage transfer"
59.7938144329897,Room assignment task
100.0,"Wolf, goat and cabbage transfer"
100.0,Sudoku
100.0,"Wolf, goat and cabbage transfer"
96.0,Guessing the correlation
93.0,Room assignment task
50.0,Moral Reasoning (Disciplinary Action Case)
91.9715094803564,Divergent Association Task
70.0,Moral Reasoning (Disciplinary Action Case)
43.0,"Wolf, goat and cabbage transfer"
98.0,Room assignment task
100.0,"Wolf, goat and cabbage transfer"
11.8279569892473,Whac-A-Mole
30.0,Guessing the correlation
80.0424458761333,Divergent Association Task
100.0,Writing story
18.5185185185185,Word construction from a subset of letters
100.0,Moral Reasoning (Disciplinary Action Case)
83.0,Guessing the correlation
0.0,"Wolf, goat and cabbage transfer"
0.0,Allocating resources to programs
100.0,"Wolf, goat and cabbage transfer"
100.0,Room assignment task
31.4814814814815,Word construction from a subset of letters
67.0,Sudoku
100.0,Writing story
92.0,Guessing the correlation
75.0,Moral Reasoning (Disciplinary Action Case)
66.1764705882353,Word construction from a subset of letters
75.0,Guessing the correlation
100.0,Writing story
88.2987134851165,Divergent Association Task
75.0,Word construction from a subset of letters
34.0,Guessing the correlation
100.0,Writing story
100.0,Writing story
80.0,Moral Reasoning (Disciplinary Action Case)
100.0,Guessing the correlation
60.0,"Wolf, goat and cabbage transfer"
100.0,Divergent Association Task
0.0,Allocating resources to programs
100.0,Room assignment task
57.3529411764706,Word construction from a subset of letters
100.0,Allocating resources to programs
42.8571428571429,Word construction from a subset of letters
92.5971950035661,Divergent Association Task
100.0,Allocating resources to programs
37.037037037037,Word construction from a subset of letters
0.0,Allocating resources to programs
47.4285714285714,Whac-A-Mole
32.1608040201005,Whac-A-Mole
47.0588235294118,Word construction from a subset of letters
50.0,Moral Reasoning (Disciplinary Action Case)
100.0,Moral Reasoning (Disciplinary Action Case)
80.0,Allocating resources to programs
72.5,Sudoku
100.0,Room assignment task
80.0,Allocating resources to programs
0.0,"Wolf, goat and cabbage transfer"
100.0,Moral Reasoning (Disciplinary Action Case)
100.0,Room assignment task
63.0,Sudoku
20.6030150753769,Whac-A-Mole
97.1427784366792,Divergent Association Task
84.0,Guessing the correlation
100.0,Writing story
29.0,Guessing the correlation
50.0,Moral Reasoning (Disciplinary Action Case)
81.0,Guessing the correlation
88.8888888888889,Writing story
85.6289544481732,Divergent Association Task
94.4444444444444,Writing story
70.0,Moral Reasoning (Disciplinary Action Case)
45.6989247311828,Whac-A-Mole
82.0,Guessing the correlation
97.0,Guessing the correlation
90.0,Allocating resources to programs
100.0,Writing story
100.0,"Wolf, goat and cabbage transfer"
98.0,Room assignment task
100.0,"Wolf, goat and cabbage transfer"
84.1372596005472,Divergent Association Task
88.6509791030347,Divergent Association Task
0.0,Moral Reasoning (Disciplinary Action Case)
100.0,Room assignment task
96.9983273187256,Divergent Association Task
0.0,Whac-A-Mole
100.0,Writing story
100.0,Allocating resources to programs
77.7777777777778,Writing story
97.9381443298969,Room assignment task
50.0,Moral Reasoning (Disciplinary Action Case)
100.0,"Wolf, goat and cabbage transfer"
32.0,Sudoku
96.0,Room assignment task
100.0,"Wolf, goat and cabbage transfer"
74.0740740740741,Word construction from a subset of letters
44.6428571428571,Word construction from a subset of letters
100.0,"Wolf, goat and cabbage transfer"
81.7204301075269,Whac-A-Mole
57.1428571428571,Word construction from a subset of letters
100.0,Allocating resources to programs
42.0,Guessing the correlation
80.0,Moral Reasoning (Disciplinary Action Case)
44.6428571428571,Word construction from a subset of letters
59.0,Guessing the correlation
100.0,Moral Reasoning (Disciplinary Action Case)
16.1764705882353,Word construction from a subset of letters
83.0,Room assignment task
100.0,Moral Reasoning (Disciplinary Action Case)
97.0,Guessing the correlation
100.0,"Wolf, goat and cabbage transfer"
50.0,Moral Reasoning (Disciplinary Action Case)
